,is_good_wine
5422,0
629,1
3854,1
3123,0
4796,1
191,0
2112,0
2293,1
1197,1
372,0
5410,1
3714,0
3431,1
6487,0
864,0
4468,1
1472,0
5727,1
3364,1
2806,0
454,1
3219,1
6308,1
949,0
2213,1
6061,0
1685,1
2773,1
5815,1
4851,0
1440,0
4788,0
3251,1
6130,0
2267,1
5708,0
862,1
3156,0
4897,1
4741,1
2683,0
344,1
579,1
6467,1
400,1
4012,1
2915,1
6371,0
2685,1
6375,1
5220,0
5587,0
2892,0
1766,0
1000,1
5091,0
1835,0
430,0
1253,1
5689,0
3044,1
4082,1
1066,1
6337,1
4244,0
1499,1
2789,0
3300,0
2330,1
1410,1
1091,1
599,1
6250,0
2787,0
919,1
704,1
6090,1
1613,1
1206,1
246,1
4466,0
2855,1
728,0
1395,1
3282,1
5306,1
234,1
3756,0
254,1
1591,1
1095,1
1598,1
2367,1
2856,1
1747,1
1793,0
5995,0
1837,1
5763,0
1513,1
3248,1
4126,0
2054,0
2626,1
800,1
5732,0
6491,1
2042,1
2312,0
2593,0
3133,1
4953,0
3155,1
4823,1
1108,1
1048,0
608,0
1834,1
611,1
3237,1
3919,1
343,0
3555,1
1284,1
852,1
5374,0
3497,1
2883,1
2119,0
4070,0
6047,1
3570,1
121,0
1916,0
5902,0
1566,0
5607,1
3534,0
1716,1
613,0
251,0
3113,1
2933,1
559,1
1469,0
4790,1
2996,1
5698,0
2774,1
922,1
80,1
2107,1
659,0
1077,0
2435,0
3619,1
6197,0
863,1
4044,1
124,1
2124,1
3405,1
4109,1
96,1
5399,1
3794,0
990,1
2870,1
3247,1
5653,1
4938,0
3028,1
5896,1
1978,1
6477,0
2200,0
4108,1
603,0
6367,0
6456,0
52,1
5181,1
2850,0
1460,1
2779,0
4028,1
6162,1
427,0
4275,1
2355,1
4431,1
4092,1
4265,1
2173,0
2568,1
6031,1
2304,1
5723,0
4399,0
2509,0
35,0
2993,1
2489,1
417,0
4067,0
4401,1
1539,1
4051,1
5291,0
1661,1
4049,1
4114,1
2874,1
1267,1
196,0
3124,1
5810,1
522,1
2075,0
6348,1
6029,0
1981,1
3164,1
3910,1
5240,1
5792,1
466,1
194,0
873,0
4587,1
565,1
2381,1
2038,0
3106,1
3215,1
4470,1
69,0
3202,1
3639,1
3773,0
3594,1
4626,1
4868,1
3816,0
5187,0
4802,1
6077,1
2764,1
6045,1
3494,1
4876,1
5130,1
1607,1
1503,1
2543,1
333,0
1914,1
5363,0
6102,1
1657,1
2270,1
477,1
117,1
1456,1
2464,0
1704,0
2752,1
1939,0
3458,1
1762,1
2908,1
3711,1
1163,1
5316,1
4703,1
415,1
5093,0
5020,0
5634,0
2467,1
2842,1
4294,0
3961,0
4786,1
2985,1
4019,0
4597,1
2636,0
1190,1
5214,0
3909,1
4686,0
1326,1
5185,1
3362,1
1118,0
3946,1
874,0
3765,0
3592,1
5458,0
123,1
5897,1
5192,1
5547,1
3878,0
3183,1
2958,0
4627,1
2713,1
3130,1
2446,0
88,0
215,0
161,0
2307,0
1235,0
4414,1
6352,1
209,1
4040,0
3246,1
4898,0
1865,1
1060,1
2050,0
1338,0
6433,1
3045,1
4173,0
3049,0
1543,1
3532,1
1798,1
3786,0
6177,1
859,0
4225,0
569,1
3768,1
5231,0
2629,0
3783,0
6259,0
992,0
1375,1
2895,0
3047,0
2235,1
1138,0
4232,1
6335,0
3579,1
1256,1
1953,1
5769,0
2440,0
1258,1
2422,0
2923,1
2670,1
3197,1
1130,1
5743,0
4988,0
961,1
3824,1
4167,1
4900,0
2210,1
4322,1
1689,1
1324,1
5953,1
1771,1
6413,1
2827,1
369,0
6465,0
762,0
5125,0
1643,1
4765,1
4156,0
1817,0
5156,0
2150,1
214,1
3664,1
2484,0
5466,1
4882,0
4096,0
4571,1
5818,0
2755,0
1969,1
4797,1
3040,0
3510,1
2391,1
6423,0
3654,1
2084,1
5313,0
5070,1
1172,1
3789,1
5337,0
442,1
2087,1
89,1
4119,1
3873,0
595,1
5773,1
4258,1
725,0
6293,1
4985,0
3705,1
4624,1
4506,1
5477,1
1597,1
6341,0
2662,1
4580,1
1822,1
3519,1
2319,1
6420,0
26,1
1750,1
2197,1
6078,1
2338,0
83,1
5253,1
3995,0
2936,0
4899,0
3684,1
4754,1
4461,1
217,0
5058,0
2068,1
5301,1
3914,1
6229,0
1588,0
5368,0
5105,0
746,1
541,0
5664,0
339,1
2797,0
2972,1
5250,0
5504,1
2276,1
4155,0
140,0
4922,1
5829,0
1631,1
3140,1
5485,0
2616,1
5846,1
1862,1
4516,1
942,1
6099,1
5997,0
4665,1
5643,1
593,0
607,0
6036,0
2734,1
1864,1
2918,1
3407,0
5332,1
1107,1
3562,1
2126,0
2037,0
2271,1
1040,0
2668,1
4785,1
6303,1
639,0
5700,1
5926,1
3689,1
1910,0
3633,1
4307,1
4505,0
3577,1
3371,1
4359,1
2147,0
2278,1
3868,1
1878,1
4929,1
4719,1
5738,1
5695,1
2889,1
3442,1
680,0
5572,1
5752,1
2106,0
381,1
2785,0
4034,0
804,1
2135,0
833,1
6342,1
4959,0
1931,0
4552,1
1903,0
4864,0
6023,1
2641,0
1502,0
227,1
4982,1
5854,1
4579,1
4153,0
4458,1
625,1
2700,1
5011,1
826,1
3722,0
4880,1
2429,1
3975,1
4588,0
544,1
662,0
856,0
4201,1
623,0
2099,0
701,1
5476,0
2308,0
4596,1
853,0
1846,0
5684,0
1487,1
3638,1
4917,1
1796,0
2423,1
2407,1
5174,1
3828,1
2439,1
272,0
6017,0
2816,0
154,1
5327,1
2540,0
3205,1
5344,0
5509,0
818,0
3766,0
6389,0
1359,1
2203,0
6179,1
5610,0
1905,1
5638,1
3589,1
1446,1
2110,0
1219,1
3920,1
1349,0
2465,0
3333,1
5562,0
585,1
1109,0
5066,1
5516,0
3152,1
4110,0
2927,1
4638,0
2954,1
4236,0
1419,1
1408,1
4213,0
540,0
3945,1
5951,1
5297,0
4893,1
4135,0
5914,1
1409,1
1639,0
4578,1
2347,1
5413,0
1307,0
4582,1
6280,0
2607,1
4202,1
1176,1
5754,1
405,0
1906,0
5406,1
2859,1
2508,1
6117,1
877,1
287,1
6357,1
4643,1
2340,1
3662,0
620,0
4513,1
3350,1
6198,1
5199,1
2891,1
2555,1
966,1
6435,1
1308,1
6466,0
5597,1
1327,1
6040,1
5418,1
346,1
3448,1
2059,0
2488,1
4830,1
1026,1
1579,0
354,1
2989,1
3314,1
3890,1
591,1
172,0
2497,0
1416,1
6170,0
6240,1
4052,0
3880,1
148,1
2825,1
4312,1
1127,1
3891,0
5454,1
3096,1
1424,1
5298,0
5188,1
4813,0
3327,1
6171,0
5772,1
5173,1
1441,0
2714,1
1851,1
463,1
6199,1
2357,0
5526,1
2177,1
1098,1
3557,1
2039,0
3739,1
1179,0
4538,1
5095,1
294,0
5893,1
3378,1
4908,0
1025,1
5350,1
5437,0
3929,0
5639,0
263,1
3337,1
4829,1
5863,1
989,1
2503,0
6011,1
612,0
5586,0
6449,0
2414,0
3941,0
512,1
2955,0
4448,0
6125,0
513,1
4740,0
6394,0
566,1
797,1
4350,1
638,0
975,0
2844,0
2527,1
2549,0
1088,1
5182,0
3056,0
5206,1
6246,0
1422,0
3483,1
397,1
219,0
4924,0
1342,1
3747,1
4495,1
1556,1
2751,1
5624,1
3437,0
6316,0
3729,0
5553,0
1013,0
4771,1
6181,1
1093,1
1717,1
4103,1
6041,1
5946,1
4152,1
1739,0
854,1
4355,1
130,0
3699,0
1721,1
278,0
1848,0
5176,1
1495,1
981,1
6084,0
4453,1
5314,1
1650,1
1382,1
1037,0
134,0
2663,1
4196,1
4745,0
3744,1
4009,1
3139,1
658,0
4053,1
3815,1
5918,1
3651,1
6051,1
2221,1
6300,1
5746,0
4870,1
1994,1
5991,1
925,0
1636,0
2726,1
4780,0
418,1
3338,1
6217,1
1603,1
5742,1
4886,1
719,1
3871,1
3838,0
2029,1
3311,1
2437,1
3388,1
4735,1
119,0
3665,1
3935,0
3503,1
1595,1
6287,0
3069,1
644,0
1608,0
3876,0
5448,1
4058,1
3262,1
3160,1
2701,0
173,1
5537,1
688,1
4038,0
3361,1
4158,1
1778,1
3771,1
2688,1
2266,0
708,1
2083,0
3087,0
1936,1
715,1
25,1
6216,1
2013,1
3543,1
4535,1
5935,0
5721,0
1403,1
3014,1
22,1
4889,1
2820,0
2748,1
2622,1
4660,1
756,0
1042,0
2220,1
5948,0
6363,0
1983,1
5455,0
4406,1
3949,0
3685,1
6037,1
4204,1
3249,1
2672,1
6028,1
6016,1
5938,0
399,1
2597,1
1144,0
5404,1
572,0
1230,1
596,0
2786,1
5939,1
5901,1
546,1
2847,0
846,0
237,1
1821,0
3772,1
3479,1
1701,0
4618,1
6468,1
3283,1
180,1
492,1
4648,0
5534,0
315,1
2815,0
6128,1
1692,1
1102,0
2148,0
210,0
3533,1
107,1
5966,1
2635,1
5609,0
5568,0
4651,1
1988,1
4245,0
3687,0
1855,1
1820,1
6447,1
3434,1
2919,0
12,0
5286,1
4989,1
1695,1
1168,0
3516,1
6309,1
3547,1
2840,1
3724,1
5140,1
4901,1
2737,1
5527,0
1824,0
6196,1
5642,0
437,1
3008,1
2804,1
3274,0
6470,0
4776,1
913,0
3242,1
3279,1
3900,0
5369,1
5436,1
5713,0
62,0
5072,0
6100,1
3058,0
2556,0
6354,1
3825,1
645,0
2375,1
5336,1
4921,0
3267,1
1709,0
4990,0
4724,1
6370,1
3887,1
2699,1
5190,1
686,1
6215,1
3883,1
4253,0
5706,0
5748,0
6064,0
4215,0
5498,0
2603,1
2157,1
4933,1
4563,1
5352,0
3667,1
3898,1
4556,0
4296,1
170,1
2907,1
4542,0
3334,1
1872,0
1261,1
1760,1
105,1
5113,0
3446,1
3436,1
5838,1
65,0
4845,0
2665,0
1019,1
2441,1
4699,0
2111,0
5661,0
1464,1
185,0
5403,1
156,1
308,1
1884,0
4241,1
1450,1
4315,1
923,1
6484,1
3330,1
3307,0
4223,0
2510,1
703,1
5825,0
5595,1
2835,1
1211,0
2900,1
1022,1
2803,1
2268,1
2615,1
1794,0
3076,0
3622,1
5714,1
956,0
3736,0
3642,1
3998,1
2580,0
1604,0
6256,0
110,1
3993,1
2743,1
4498,0
5886,0
5943,1
2710,0
5791,0
1103,0
1844,1
4794,0
2756,1
1753,1
5749,0
4015,0
6224,1
3853,1
5870,1
1979,1
2152,1
4251,1
5402,1
2506,1
2875,1
5056,0
511,1
2261,1
2839,1
1377,1
3758,0
775,1
5789,0
3611,1
687,0
717,0
4920,0
3501,1
5800,1
3774,0
1421,1
5747,0
1275,1
2788,0
4862,1
4134,1
4748,0
2571,1
2911,0
398,0
3715,1
3540,1
1572,1
3933,0
2392,1
4088,1
1051,1
3683,1
68,1
2898,0
291,1
2448,1
3518,0
4148,1
3006,1
526,0
1092,1
4972,0
2637,0
4566,0
4100,1
3117,1
5123,1
481,1
3003,1
848,1
5183,0
3264,1
3319,0
1805,0
3426,1
6048,1
5450,1
5826,0
4301,0
5517,0
650,1
4293,0
5310,0
739,1
1973,0
5581,0
5952,1
4415,0
5385,1
1036,0
2754,0
4799,1
2072,0
2523,0
1328,1
4197,0
1087,1
3755,1
4029,1
1110,1
602,0
4574,1
3146,1
5536,1
3482,1
5824,1
4181,1
5146,1
581,0
2988,1
6418,1
1519,0
821,1
5606,1
3109,0
6345,0
2069,1
2671,1
4842,1
2377,1
2695,1
2601,0
407,0
4946,0
4231,1
5968,1
2283,0
6109,0
1452,1
5735,1
1691,1
1436,0
351,1
2888,0
5443,0
3942,1
549,0
3750,1
931,0
5794,1
1891,0
2007,1
2499,1
4798,0
5,1
1770,1
970,1
3809,1
3955,1
5981,1
4521,0
3286,1
1510,0
2520,0
4349,0
6124,0
691,1
2625,0
1195,1
5089,1
1340,1
5255,1
2749,1
4081,1
486,1
2315,1
1507,1
4378,0
5205,1
4649,0
5783,0
1010,1
3521,1
5145,0
1986,1
2359,0
2857,1
501,1
5394,1
6089,0
2366,0
2341,0
5200,0
4756,1
4713,1
4581,1
5196,0
3844,1
3488,1
3464,0
3574,1
3634,1
3851,1
2199,1
2019,1
5602,0
5986,1
1193,1
4165,1
411,1
5382,1
1576,1
5268,0
2809,1
3583,1
4708,1
570,0
5911,1
5128,1
1101,1
5925,0
2903,1
2166,0
4646,1
4384,0
3674,0
1279,1
4137,0
1480,1
1765,0
1957,1
1140,1
99,1
1354,0
1086,1
4094,1
5259,1
5457,1
2171,1
2534,1
1738,0
4449,1
4523,0
3509,1
4836,0
765,1
5799,1
5592,0
4603,1
3716,0
5591,0
791,1
5386,1
6434,1
2767,1
4858,0
2015,1
6326,0
6002,1
5247,1
1264,0
1283,1
4732,1
980,1
3834,0
5357,0
3585,1
6119,1
1908,1
4316,0
4174,1
1647,1
483,0
3803,1
4430,0
4568,1
387,0
3735,1
4611,0
3493,1
1996,1
6469,1
5762,0
1976,0
4218,1
245,1
324,0
6063,0
2956,1
1357,1
1940,0
1675,0
404,1
4711,1
2861,1
6006,0
6192,1
1807,1
2006,1
66,1
648,0
3193,0
575,1
1592,1
4510,1
5889,0
3485,1
3315,1
5817,1
987,1
968,1
5880,1
5114,0
5050,0
1653,1
1113,0
133,0
3548,1
2463,1
3454,0
3055,1
5702,1
1610,1
5100,0
899,1
3595,1
6007,1
337,1
4558,1
3291,1
5647,1
1569,0
3306,1
2728,1
2113,0
6049,1
485,1
960,1
1401,1
2418,0
3931,1
661,1
1544,0
1877,1
3830,1
4601,1
3273,1
557,1
4682,1
6291,0
2052,0
1154,0
2289,1
3746,0
904,1
2924,1
5305,1
3071,1
2380,0
4943,0
5160,0
4185,0
4528,1
2968,0
1220,1
3320,0
4746,1
6015,1
6144,0
4302,1
948,0
2306,0
5061,0
3932,1
1640,0
3443,1
5499,1
3174,1
2783,1
867,1
5143,1
517,1
5978,1
4759,1
1573,0
4267,1
3016,1
6058,1
1250,1
1674,1
4561,1
4828,0
1799,1
1782,1
6360,1
1474,0
5975,0
6402,1
489,1
1684,1
4493,1
1887,0
2845,1
3148,1
258,1
2477,1
2219,1
4550,1
3804,0
3159,1
5878,1
4107,1
4738,1
4891,1
1790,0
5493,0
2239,1
3551,1
1063,0
1045,0
3347,1
4730,0
5585,0
1705,1
4233,1
3136,0
5027,0
3749,1
5588,0
2474,1
5573,0
5662,1
5157,1
5266,0
1276,1
2515,1
3131,0
1902,1
5710,0
6013,1
2669,0
5690,1
1707,0
280,1
1303,1
5358,1
3359,1
3101,1
2885,1
4324,1
1527,1
3194,0
1431,0
580,0
1072,1
4822,1
5621,0
4298,1
184,0
3134,1
5017,1
461,0
4394,1
3057,0
4379,0
1414,1
3669,1
988,0
2108,1
378,1
3953,1
827,1
3652,1
761,1
38,0
3976,1
2912,1
4707,1
5771,1
5615,0
1874,0
202,0
2387,0
6281,0
5874,0
2604,1
6334,0
4438,0
5029,0
3376,1
5705,1
4396,0
4343,1
4240,1
4290,0
2101,1
1694,1
3122,1
4569,1
305,1
6464,1
1178,0
2204,0
1117,0
4235,0
1207,0
4840,1
2361,0
3059,1
186,1
606,0
3848,1
3785,1
1841,1
6323,1
6145,0
2643,0
2528,1
2254,1
4341,1
4878,0
5225,0
5407,1
1194,1
3981,1
4541,1
4216,0
908,0
3720,1
3404,1
1155,0
6210,0
2066,0
260,1
3035,1
3613,1
4041,0
3788,0
167,1
4016,0
2345,1
4249,1
2799,1
4693,1
4367,0
2554,1
3054,1
2329,0
4659,1
910,0
6374,0
360,1
1114,0
4276,1
685,0
1020,1
3541,1
5528,1
1465,0
6304,1
4279,1
588,1
508,1
5392,1
5223,1
938,1
5275,1
2763,1
5390,1
2986,1
1068,1
2582,1
4958,0
338,0
5740,1
917,1
4645,1
5630,0
1985,1
3542,1
6266,1
347,1
4572,1
634,1
6270,0
1904,1
5837,0
256,1
6241,1
1637,1
1322,1
5619,0
2682,1
4698,1
5623,0
2081,0
6489,1
2851,0
682,1
562,1
1993,1
4305,1
435,1
830,1
1232,1
1677,1
5909,1
2071,1
6355,0
5776,1
4039,0
497,1
5712,1
5950,0
3846,1
1585,0
2310,0
5222,1
3070,1
3672,1
1479,1
229,0
4714,1
754,0
1731,1
4441,1
3343,1
1551,1
3402,1
6496,1
4348,1
5576,0
5388,1
6403,0
769,1
286,1
1546,1
4503,1
4073,0
3810,0
4772,0
4390,0
1611,1
525,1
1535,1
178,0
3206,1
6410,1
365,1
2818,0
882,1
5177,1
2807,0
4478,0
3818,1
4855,1
1280,1
2617,1
1517,1
1266,1
5985,1
2569,1
78,0
76,1
5798,0
1023,1
5919,1
4905,1
4176,1
4494,1
918,1
730,1
499,0
5341,1
5811,1
4194,1
5486,1
4437,1
2744,1
2288,0
4669,0
837,1
5163,1
5155,0
3560,1
5161,0
5977,1
5934,1
2596,0
4856,1
4426,1
995,1
1683,1
3345,1
4172,1
1171,0
1358,1
2595,0
4565,0
2572,0
735,1
5054,0
6338,1
4434,1
793,1
4909,0
4395,0
2696,1
2517,1
1231,1
3864,1
5008,0
5753,1
1861,1
2876,0
4345,1
567,0
2720,1
4112,1
3221,1
3623,1
19,0
5252,1
1251,0
192,1
6405,1
1146,0
236,1
3597,1
3415,1
3647,1
5158,0
4031,0
5076,0
1420,0
2017,0
6228,1
70,1
5601,0
20,1
5983,0
3537,0
329,0
3068,1
4358,0
601,1
5309,0
3631,1
3004,1
1866,1
3656,1
159,1
5849,1
934,0
4517,1
3708,0
6030,1
4598,1
3559,0
4318,1
4164,0
90,1
3462,1
906,0
5768,1
1536,0
2386,0
1011,1
1318,1
2314,1
740,0
1664,0
2136,1
4450,1
4881,1
5047,1
1209,1
3083,1
3201,1
4274,1
5813,1
991,0
5464,1
1937,1
3761,1
5659,0
4853,0
1262,1
316,1
1964,0
528,1
4485,1
2117,0
5804,0
2858,1
4354,1
649,1
4599,1
4064,0
2864,1
3811,0
610,1
5351,1
3220,0
2949,1
3387,0
3988,1
2526,1
5503,1
5237,1
5650,0
5015,1
3050,0
3805,1
2430,0
2932,1
4337,1
1180,0
3067,0
3257,1
3023,1
6127,0
4364,1
997,1
429,0
3041,1
4608,1
2232,1
5428,1
2393,1
2337,0
2830,0
2770,1
786,1
5683,0
5834,1
5090,0
2324,0
4389,0
4540,1
5269,1
3916,1
4476,1
6364,1
3522,0
1106,1
3372,1
1590,1
1343,1
3837,1
5736,1
2053,0
1471,1
5927,1
1437,1
5593,1
4914,1
1938,0
5179,1
1055,0
3727,1
2356,1
1944,0
3151,1
46,0
809,1
2677,1
1400,1
2717,1
6263,0
5764,1
396,0
5041,0
776,1
5117,0
5816,1
460,0
5315,0
3852,1
6391,0
233,1
2762,0
2305,1
5786,1
994,1
6439,1
4752,1
716,1
633,0
6353,1
2142,0
5191,1
3833,1
5957,1
1896,1
887,1
3417,0
5279,1
600,1
2282,0
4860,1
1083,1
3855,1
753,1
4022,0
666,1
1015,0
4800,1
4439,0
636,1
3089,1
408,1
5808,1
3325,1
2122,0
3018,1
2394,0
936,0
5224,1
651,1
4036,0
4537,0
4672,0
1366,1
4472,0
834,1
5491,0
5686,1
5059,0
4234,1
3797,0
1587,1
2935,0
2879,1
4080,1
3086,1
155,1
3154,1
1929,0
6167,1
4186,0
2121,1
1310,1
3717,1
5429,0
2653,0
655,1
983,1
4203,0
6314,0
1286,1
3637,1
2574,0
2979,1
2934,0
881,1
5809,1
3808,1
6422,1
1069,1
1031,1
2522,1
1809,1
1654,0
2415,0
2188,1
5211,0
4793,1
5869,1
2090,0
4326,0
366,1
390,1
6262,1
4311,0
4545,1
395,0
5293,1
2335,0
5106,0
4801,1
5788,0
265,0
321,0
592,0
1191,1
2082,1
2352,1
3506,1
584,1
61,1
2031,0
6,1
3990,1
752,1
1121,1
1064,1
1698,1
6147,1
3427,1
4639,1
6116,1
5153,0
710,0
628,1
3984,1
5814,0
4605,1
3523,0
5307,0
5583,0
5538,0
109,0
4773,1
2760,1
1249,0
1554,1
4310,1
6419,0
3235,1
2428,1
296,0
683,0
479,1
3079,0
1547,1
6074,0
1029,0
2725,0
2991,1
3856,1
4668,1
2077,1
5270,1
5929,1
2131,1
2652,1
4997,1
1041,0
1131,1
3486,1
4344,1
6169,1
314,0
3213,1
3991,0
2560,1
4869,1
3675,1
548,1
2999,1
4514,0
5972,0
1300,1
2525,1
731,1
555,1
2253,0
3165,1
2937,0
855,1
3902,1
2462,0
2358,0
4005,1
106,0
5575,0
4509,0
5703,1
424,1
878,1
4366,1
1339,1
1236,1
1074,1
1032,1
129,1
4421,1
986,1
2990,1
5384,0
4709,1
5468,1
3048,1
1521,0
897,1
2501,0
2873,1
5228,1
2160,1
3094,1
1361,1
29,1
2813,1
4068,1
2256,0
536,0
1134,0
6239,1
2715,1
276,1
2186,0
3245,0
4939,0
6052,1
3229,1
4954,0
5590,0
3239,1
5053,0
2344,1
3024,1
5339,1
1722,1
1039,0
2364,0
5416,1
1294,0
3352,1
5853,0
2322,1
5756,1
4885,1
1481,1
3208,0
6194,0
5729,1
5696,1
1927,0
6142,1
3707,1
2161,1
1954,0
6176,1
4653,1
6131,0
3762,0
2614,0
2063,0
3885,1
4325,0
529,1
1962,0
2238,1
3927,0
1365,1
813,1
4183,1
4057,1
4357,1
6412,1
4820,0
2997,1
4731,1
516,0
5414,1
5257,1
2397,1
5354,0
1198,1
5133,1
5019,1
1062,0
3903,1
896,1
3062,1
3173,1
1243,1
108,1
3978,1
6134,1
4656,1
1540,1
318,1
3224,1
5655,0
3635,1
2747,1
2711,0
3010,0
48,1
6242,0
4436,1
3999,1
3770,0
5311,1
2925,0
3031,1
4368,1
2460,0
2159,0
3759,1
4050,1
1774,1
835,1
1033,1
5471,0
1746,0
243,1
1715,1
5535,0
4950,1
5924,1
1764,0
3007,1
3710,0
6482,1
2945,1
2027,0
3012,1
4666,0
1616,1
4365,0
3042,1
2761,0
5922,1
5803,0
5954,1
3505,1
213,1
3558,1
4242,1
2410,1
2036,1
6324,1
1355,0
3294,1
3676,1
1777,1
5238,1
1053,0
879,1
3760,1
2443,0
2485,1
2346,0
4304,1
4557,1
5124,1
1829,1
796,1
6339,1
2838,1
851,0
2222,1
1875,0
4696,1
5035,0
1889,0
1299,0
3138,1
2984,1
6351,0
1153,1
5608,0
5564,1
939,1
5162,0
2130,0
1725,1
1141,0
1847,0
5111,0
4716,1
416,1
875,1
3439,0
3986,1
4824,0
222,1
6436,0
3209,0
1734,1
355,1
3948,0
4551,1
4254,0
807,1
225,0
1679,0
2475,0
2776,1
1334,1
5603,0
5302,0
6472,1
2079,0
5982,1
1426,1
811,1
4011,1
577,1
3340,1
1506,1
4531,1
2311,1
5323,1
3971,1
1890,0
1756,0
1477,1
726,1
319,1
2586,1
3447,1
3863,1
2123,0
3934,1
4728,1
6276,1
4806,1
1202,0
5441,1
1368,1
2777,1
6445,0
2300,1
6038,1
828,1
959,1
5216,1
6120,1
816,0
5861,1
255,1
193,0
5546,1
5080,0
3064,0
5931,1
1227,0
5495,1
433,0
2212,1
1828,1
1248,1
5945,0
3189,0
2298,1
5519,0
4266,1
37,1
712,1
979,0
3527,1
2400,0
1769,1
5928,1
4555,0
2056,0
2741,0
507,1
5594,1
2420,1
4042,1
358,1
2372,0
711,1
1857,0
6062,0
2939,1
5303,1
5832,0
3430,1
2454,0
1660,1
967,1
197,0
1223,0
6086,0
819,0
5333,0
2566,1
307,1
5947,1
926,0
576,1
3177,0
736,1
5724,1
6234,0
2250,1
5767,1
2190,1
4239,1
1212,1
2872,1
95,1
2980,1
1240,1
2022,1
147,0
5529,0
5556,1
6427,1
6359,0
1257,1
2280,1
445,0
3115,1
3383,1
4529,1
4562,1
2656,0
3539,1
4884,0
5540,0
4328,0
4768,1
484,0
3906,1
6113,1
590,0
5132,1
166,1
6205,0
2618,1
6000,1
5704,1
2371,0
3228,1
4010,1
1977,1
380,1
1317,0
4205,1
932,1
244,0
5720,0
359,1
6157,1
2382,1
5380,0
5079,0
2201,1
5542,0
880,1
1380,1
6161,0
2158,1
3063,0
4865,1
4675,1
281,1
1438,0
3874,0
2176,0
5660,1
4583,1
362,1
4313,1
6425,1
1649,0
5882,0
2853,1
5046,1
2184,1
551,1
4291,0
3001,1
4490,1
1478,1
515,1
6107,1
4238,0
6135,1
1839,1
5198,1
5150,0
3026,1
1271,0
3153,1
943,1
582,1
5898,1
5207,1
128,1
1034,0
1297,1
3005,1
4570,1
4075,1
2211,1
1635,1
4812,1
482,0
3216,0
2521,1
6021,1
4102,0
431,0
3234,1
2444,0
1404,0
169,0
2447,1
4684,1
1224,1
3272,1
132,0
1736,0
3353,1
4474,1
4758,1
951,1
2848,0
5841,1
5932,1
2175,1
1457,1
374,1
2716,0
3085,1
3421,1
4286,1
4463,1
1309,1
4411,1
6288,1
5531,0
6315,1
3673,1
5681,0
2479,1
1752,1
2092,0
3185,1
1158,1
4945,0
5726,1
5078,0
1763,1
5398,1
849,1
3802,0
982,1
3847,0
3217,0
3894,1
5159,0
1057,0
364,1
2385,0
50,1
5611,0
2702,0
2691,1
6022,0
2706,1
2620,0
3938,1
5970,1
1833,1
1735,1
2321,0
71,0
5459,0
1812,1
1530,0
1907,1
2729,1
223,1
1700,1
3125,0
3191,1
4198,0
2408,0
3604,1
4362,1
1313,0
5031,1
1434,0
4084,1
5077,0
5329,0
2871,1
6070,1
5836,1
4209,1
500,1
4382,1
803,1
1749,1
971,1
122,0
423,1
4299,1
3037,1
153,0
1723,1
3882,0
4827,1
6385,0
3238,0
1289,1
3702,1
3386,1
77,1
1006,1
1825,0
6346,0
2837,1
4778,1
3425,1
6442,1
5697,1
4553,1
1073,0
3377,1
5288,1
2606,1
1737,1
3814,0
3116,1
2086,0
5084,0
3842,1
3475,1
4179,0
1960,0
1744,0
656,1
2579,1
1553,1
4883,1
2040,1
3671,1
4046,1
4013,1
920,1
3490,1
5308,1
5956,1
4543,0
5273,1
1447,1
4452,0
2823,1
4020,0
4767,1
1963,1
3528,0
5618,0
6173,1
2585,1
2757,0
6186,0
4371,0
663,0
3974,1
3967,0
2795,1
2998,1
5508,0
3270,0
4763,1
385,1
5580,0
1239,0
3198,1
6305,1
860,1
3741,1
406,1
207,0
1082,1
5872,1
2021,1
3550,1
2390,1
4658,1
2376,1
4182,1
5085,0
498,0
4994,0
6083,1
4976,0
1385,0
2405,0
1628,1
668,1
1797,1
1745,0
748,1
1869,1
5480,0
6009,1
1775,1
6182,0
6092,1
872,1
5511,0
3472,1
3268,1
965,0
1201,1
2693,1
3668,0
4679,0
779,1
5612,0
3395,0
4941,0
3046,1
4117,1
3322,1
1439,0
203,1
6180,1
3877,0
4484,0
142,1
3132,1
84,0
2692,1
4150,0
6164,1
1942,0
4769,1
5996,1
5875,0
4191,0
6221,1
113,0
6237,1
5656,0
3207,1
1853,0
3588,1
4622,1
1792,1
4180,1
5112,1
3369,1
5364,1
4397,0
5087,0
1525,0
2062,0
4678,1
6294,0
3265,0
1627,0
5421,0
4803,1
3099,1
3653,1
3843,1
3459,1
4575,1
3309,1
1008,1
221,1
6204,0
2576,0
4515,1
1315,1
1803,1
3641,1
4207,1
3176,1
1277,0
3088,1
5699,0
5973,1
839,1
4530,1
5139,1
3698,1
4372,1
2829,0
2621,0
235,1
5584,0
3680,1
3280,0
145,1
5994,1
1,1
4237,0
4497,0
4121,1
4428,1
4704,1
5420,0
578,1
2320,1
2532,0
4306,1
1520,1
2897,0
6149,0
2893,1
4839,0
5096,1
4723,1
1371,1
127,1
702,0
1352,1
3721,0
519,0
6132,1
3943,1
1690,0
5631,0
5325,1
3471,1
5496,1
4363,0
1199,1
871,0
4911,0
5203,1
3276,1
59,1
3926,1
884,1
5127,0
5026,1
799,1
6459,0
4308,1
4655,1
5770,0
181,0
2234,0
5345,0
252,0
1712,1
4018,1
6365,0
1858,0
2274,1
5002,0
1269,1
1075,1
0,1
3410,1
2453,1
2065,0
1415,0
5899,1
4374,0
177,0
4184,1
1781,0
2100,0
5796,1
4262,1
1411,1
6110,1
2794,0
5226,1
921,1
6227,1
2181,1
4847,1
5640,0
1215,0
464,0
2014,0
5005,0
4685,0
3840,1
1633,1
2679,1
4127,0
5717,0
5122,0
3575,1
3573,1
163,1
5685,1
6200,1
112,0
270,1
3368,1
5142,1
3476,1
5741,0
5998,1
1273,0
1656,0
1702,0
2461,0
1925,1
3474,1
5820,1
698,0
1713,1
1687,1
2442,0
2948,1
1648,0
6448,0
1014,0
3787,0
1427,0
5245,1
3593,1
6236,0
2296,1
1123,0
414,1
3172,1
1104,0
4193,1
4871,1
4928,0
3013,1
322,1
1065,0
3947,1
42,1
1688,0
2689,1
4955,0
891,1
1242,1
3290,0
6443,1
4405,0
4821,1
4706,1
5963,1
3723,1
5923,1
729,0
6432,1
1054,0
4833,1
693,0
4966,0
277,0
1630,0
3305,1
6329,1
1005,1
6377,0
2821,0
6050,0
1522,0
4978,0
3806,0
1330,0
6165,1
5000,1
928,0
3586,1
361,0
1730,1
3323,1
4398,0
5671,1
5276,1
3241,1
6317,0
5617,0
5904,1
27,1
678,1
413,0
1351,1
4619,0
5042,1
357,1
2118,1
4637,1
1560,1
1119,0
289,1
4409,1
2399,1
4593,1
4467,0
13,1
5883,1
998,1
56,1
3598,1
1038,1
1043,0
4623,1
1558,0
5967,0
335,1
1642,1
1724,1
4866,1
3074,0
6416,0
3615,1
5570,0
2941,0
3107,1
3535,0
4995,0
3572,1
2758,1
1681,1
5574,1
4857,1
2987,1
1120,1
552,1
4852,0
2750,1
1868,1
3813,0
4014,1
1160,1
6027,1
3661,1
4594,1
3556,1
1748,0
1676,1
2269,1
1084,1
3346,1
4736,1
1356,1
3879,0
3696,1
5766,1
5984,1
4404,0
6252,0
5709,1
545,1
3737,0
135,0
5842,1
3424,1
2931,1
125,1
4819,1
6424,1
1052,0
303,1
4915,0
5533,0
4295,0
1362,1
5300,1
5171,0
2259,1
1634,1
2533,0
3858,1
5147,1
3769,0
6310,1
6213,1
157,1
4269,0
1296,1
2627,1
1501,0
3326,0
2680,1
1229,0
5331,0
4003,1
2684,1
1096,1
2524,0
2030,1
4960,1
55,1
3000,1
6188,0
5646,1
5233,1
3801,1
3576,0
4222,0
5475,0
242,1
3271,1
3465,1
6480,0
336,1
6201,0
4789,1
412,0
1761,1
284,0
3731,1
43,1
531,0
1200,1
2553,1
1785,1
5497,1
3429,0
2812,1
2493,0
5023,0
5430,0
5549,0
1348,1
5912,1
3296,0
1843,1
2011,0
3678,0
5411,1
3002,1
4544,1
5260,0
4066,1
5758,0
5461,1
2836,1
190,1
2227,0
176,0
6400,0
1888,0
1461,1
2610,0
5408,0
3845,0
3232,0
4962,0
5524,0
1166,0
3869,1
4937,0
4159,1
1323,0
3709,0
3200,1
1325,1
1583,0
5852,1
4332,1
7,1
962,1
696,1
2169,1
1622,1
4416,0
3693,1
3302,1
5505,1
2348,1
4469,1
6136,0
4680,0
4539,0
6137,0
4106,0
1122,1
4957,1
4309,1
4971,0
3473,1
3970,1
4471,1
5343,1
1629,1
2458,1
1285,1
734,0
641,0
1594,1
2091,0
6327,0
5831,0
51,1
2828,1
1293,0
4077,1
2229,1
4451,0
5851,1
5515,1
1241,1
1720,1
3499,1
1956,0
5340,1
2057,1
4351,1
2128,1
5104,1
1247,1
4157,1
472,1
3324,1
2290,1
2214,0
2281,1
1947,0
5045,0
3135,1
4479,0
1621,0
2369,1
3700,0
1727,1
3549,1
6253,0
2703,0
5620,0
2494,0
6208,0
1726,1
262,0
2339,1
4722,1
4681,1
1432,1
4095,1
2231,1
2285,0
3269,0
5652,1
5453,0
2740,1
6068,1
4492,1
5170,0
5722,0
1718,0
4340,1
4099,1
4760,1
2433,1
367,1
5718,0
5280,1
1505,1
6025,1
5856,1
3406,1
2487,1
892,0
4641,1
1620,1
3412,1
5917,0
4062,1
3144,1
1099,1
40,1
5208,1
1814,1
5635,1
1830,1
3022,0
3701,0
4927,1
1932,1
2584,1
1570,0
3831,0
770,1
3545,1
4549,0
2651,0
1094,0
188,1
2624,0
817,0
4278,0
2153,1
79,0
4559,1
969,1
2242,0
5784,1
5760,0
4511,1
2360,1
3820,0
3908,1
3420,0
5988,1
67,0
3363,1
189,0
3157,1
3261,0
5014,1
5782,1
5550,0
4977,0
2796,1
1808,0
6471,1
259,0
4376,0
2218,1
4942,0
822,0
4331,0
865,1
3657,1
1950,0
5964,1
1396,1
861,1
49,0
3581,1
2162,1
4074,0
3091,1
677,1
3697,1
3258,1
6265,1
3301,1
6286,0
160,1
974,1
2350,0
1167,1
3396,1
317,0
1893,0
30,1
1879,1
72,0
5716,0
4612,0
5894,1
5626,0
4896,1
4817,1
2368,1
5415,0
4965,0
6096,1
5052,0
6299,0
792,0
1971,1
3438,0
5242,1
4818,1
1555,1
4418,1
4695,1
4657,1
6358,1
4097,1
3632,1
681,0
384,1
4334,1
652,1
6307,1
5138,0
6490,1
3129,1
2078,1
4008,1
1312,0
4188,1
1678,1
5960,1
6185,0
1509,0
1028,1
1252,1
3567,1
6243,1
5961,1
342,1
5290,0
271,0
5289,1
3370,1
2633,0
3751,0
5711,0
3184,1
2230,1
1392,1
3603,1
5507,1
4600,1
617,1
798,1
5857,0
3175,1
5119,0
1346,1
4061,0
721,0
57,1
5565,1
2559,0
1768,0
2026,0
744,0
4142,1
1407,1
675,1
2938,1
1070,1
2905,0
323,1
5500,0
6492,0
6381,0
2318,0
1298,1
6044,1
5322,0
4491,1
801,0
4519,1
2605,1
4314,1
2151,0
2686,1
6313,0
1997,1
5469,1
4844,1
4916,0
446,0
2114,1
4969,0
288,1
3210,0
2964,0
757,1
6190,1
4935,1
4926,0
4590,1
4247,1
4984,1
1384,1
5082,1
6452,1
2208,0
2373,0
1049,1
3187,1
3983,1
2333,1
3663,1
3211,1
2901,1
5097,0
4442,0
727,0
4944,0
4045,1
2431,0
5258,0
5877,0
3344,1
6035,1
4136,1
3757,0
2772,1
3039,1
1669,1
1966,1
2187,0
2165,0
91,0
2542,0
4504,0
1492,0
4948,0
2592,0
5397,1
2539,0
2370,1
3730,1
4607,1
4408,0
6298,0
2654,0
4848,1
5987,1
5579,1
2363,0
1614,0
6297,1
5036,0
1491,0
5073,0
538,0
6111,1
2205,0
6372,0
2768,1
2327,1
1767,0
502,1
5543,1
2226,0
5645,0
3994,1
5933,1
4688,1
3977,1
2466,0
4166,1
564,0
2275,0
670,1
6206,0
126,0
1924,0
1344,1
313,1
1398,1
5473,1
5539,0
5426,1
4859,1
6273,0
2258,0
6444,0
4586,1
1714,0
2947,1
2558,1
1046,0
1125,1
2953,0
2950,0
1516,1
2833,1
6034,1
1918,1
2916,1
1003,1
2951,0
1204,1
2257,1
5434,0
4807,1
3895,1
5281,1
1810,1
5739,0
1880,0
5071,1
6407,0
784,0
503,0
4419,1
832,1
3646,1
5055,0
1305,1
3800,0
1856,0
907,1
4734,1
4496,1
6322,1
2589,0
3554,1
4327,0
1255,1
1773,1
2140,0
5520,0
4093,1
653,1
6081,0
1632,1
1302,1
4664,1
4435,1
3075,1
3137,1
4647,1
349,0
356,1
901,1
3928,0
4160,1
1076,1
3310,1
4683,1
1182,0
978,1
3034,1
3255,1
3569,1
450,0
5265,0
3912,1
3939,1
4200,1
2202,0
5427,0
1838,1
5465,1
5657,0
4217,0
1532,1
4283,1
1244,0
4078,1
1378,1
1852,1
5201,0
1184,1
496,0
241,0
6319,0
3915,1
3500,1
4846,1
3621,1
4841,1
3798,0
5866,1
2544,1
2966,1
327,1
4508,0
2284,0
2137,0
149,1
269,1
493,1
1967,1
2967,1
4991,0
6349,1
6187,0
2866,1
5282,0
976,1
3467,0
4141,1
5371,0
5060,1
2940,1
1263,1
3704,1
4775,1
164,0
2003,1
684,0
933,0
1564,0
2233,0
5244,1
886,1
6222,1
2863,1
773,0
5744,0
2095,0
2141,0
1311,1
1899,1
838,1
2055,1
2404,0
3222,1
2944,1
6019,1
151,1
4272,1
4085,1
3529,1
1490,1
3452,0
1009,1
3616,0
3030,1
4692,0
3243,1
1233,1
669,0
5034,0
5007,0
5115,0
4001,0
1646,1
3461,1
2865,1
487,1
4288,1
4919,0
2805,1
4621,1
2243,0
4456,0
238,1
4047,1
4219,0
3445,1
2245,1
449,1
5598,1
6046,1
5913,1
4546,1
5068,0
5262,1
771,1
2331,0
5833,1
1347,1
4779,0
6012,1
674,0
772,1
4154,0
3149,1
5693,0
4260,1
3356,1
4753,1
2223,1
4742,1
5202,0
1672,0
4072,1
5048,1
4149,1
2722,1
3630,1
1549,1
3957,0
3748,0
179,1
604,1
6399,0
1571,1
3478,1
4849,0
4115,1
1265,1
5383,0
3526,1
4609,0
3214,1
6356,0
642,1
1169,1
5728,0
1181,1
760,1
6195,1
1222,1
1071,0
1148,1
4273,1
1218,1
3365,1
2992,1
4739,1
293,1
2546,0
1484,0
6235,0
4987,0
2518,1
4246,1
3401,0
3182,0
1369,0
5447,1
2252,0
1189,0
420,1
1559,0
3951,0
5839,1
6225,1
3666,1
4499,1
2658,1
5330,1
6395,1
6148,1
4059,1
535,0
2044,1
4424,1
5318,1
6004,1
39,0
4677,1
2170,1
2468,1
6438,1
6212,1
6244,0
1958,1
4720,0
5360,0
3695,1
2928,1
889,1
2738,0
473,1
3348,1
537,1
2926,1
5807,1
4284,1
3440,0
426,1
1651,1
297,1
5757,1
250,0
1826,0
1186,0
467,1
1845,0
146,1
692,0
5193,0
1260,1
1175,0
558,0
4380,1
1508,1
58,1
434,1
4083,0
2224,1
2659,1
4536,1
1670,1
977,0
3428,1
2024,0
6112,1
5532,0
1205,0
5109,1
1489,0
5976,0
111,0
5990,1
4285,1
2496,0
2854,1
1550,1
823,1
1529,1
3965,0
6054,1
6249,1
5676,0
141,0
4402,1
4721,1
1948,1
4930,0
1832,1
1100,1
3625,0
6382,0
5152,1
5840,1
182,0
4764,1
2650,0
231,1
81,1
4446,1
3922,1
1565,1
4584,1
3019,1
3328,0
1955,0
3629,1
5903,1
6010,1
5881,1
388,1
1288,1
4613,0
6330,1
5435,1
3450,1
92,1
3072,1
6189,1
6376,0
3835,0
2960,1
5197,0
3233,1
462,0
5596,0
8,1
2129,0
1226,1
5942,1
694,1
2483,1
4111,1
5039,0
542,1
3078,0
3225,1
4843,0
6268,0
1898,1
6279,0
6404,1
4625,0
2217,1
2961,1
4124,1
3740,1
3738,1
4116,1
5215,1
5319,1
5482,1
3823,0
2316,1
5633,0
4726,1
2914,1
4700,0
5719,1
248,1
5229,1
5892,0
285,0
2416,1
5745,1
6075,1
2127,0
212,0
929,0
4287,0
5637,0
1234,1
3515,1
4814,1
4189,0
87,1
60,1
1373,1
1044,1
1776,0
5439,1
5906,1
1881,1
6378,0
4863,1
2249,0
5921,1
4079,1
1733,1
2675,1
4702,1
5347,1
985,1
6026,0
1658,0
3285,1
1894,0
1989,1
4918,1
1719,1
1854,1
371,1
3017,1
2841,1
379,1
3513,1
2067,0
2577,0
4940,1
3568,1
2,1
1949,0
955,0
2009,1
767,1
3782,1
5734,1
547,1
1961,0
2272,1
3496,1
403,0
3166,1
1331,1
3817,1
589,1
5168,1
3904,1
2982,1
1754,1
2196,1
3093,1
4007,0
3627,0
5992,1
3690,1
5012,0
3860,0
5376,0
4162,1
3081,0
6441,1
5062,0
869,1
1655,0
1208,1
3128,1
6269,1
3188,1
5940,1
6361,1
4027,0
2389,1
1665,1
6097,1
2061,1
2486,0
1552,1
3105,1
2946,1
3460,1
4518,1
53,1
3288,1
2317,0
3199,1
4816,1
2599,1
1584,1
208,0
4323,1
3812,0
6172,1
4118,1
5518,0
3996,1
1900,1
1982,1
2045,0
3114,1
5969,0
1742,1
6277,1
6039,1
470,1
1574,0
6388,1
3649,1
2000,0
4224,1
1935,0
4282,0
4526,1
6065,1
2302,0
2189,1
2434,1
4250,1
2868,0
3297,0
4060,0
2473,1
4520,0
2411,1
3341,1
3385,1
6292,0
5787,0
5444,1
4907,0
5063,0
1850,1
6417,0
2409,0
1945,1
2642,0
2884,1
6454,0
6101,0
3660,1
311,1
6379,0
2089,1
5287,1
5523,0
4606,0
5067,0
2445,0
6072,1
5628,0
5673,0
6178,1
1811,0
2551,1
4632,1
2248,1
532,1
5845,1
1706,1
4317,1
3754,1
1541,0
5781,0
6426,1
2490,1
114,0
2471,1
6392,1
1975,1
4949,1
3972,1
4002,1
718,1
4131,0
3826,1
5876,1
1974,0
4781,0
5822,0
1625,1
1238,1
3470,1
1886,0
1291,1
550,1
3617,0
5349,1
1468,0
6384,0
1173,0
2236,0
4255,0
523,1
774,1
954,1
3552,1
6415,1
3618,1
5680,0
1952,1
1383,1
654,1
609,1
1586,0
6368,0
4214,0
707,1
1970,1
1934,1
3626,0
5492,0
94,1
5024,0
1374,1
2134,1
1105,1
4873,1
3390,1
1827,1
104,0
2459,0
4547,1
3119,0
456,1
1943,0
2694,1
3162,1
4667,1
724,1
5431,1
5356,1
952,1
898,1
4120,0
3212,0
2194,1
150,1
5844,1
4455,0
5915,1
5299,1
5827,1
4163,0
4936,0
1599,1
2286,0
2769,0
806,0
1363,0
6251,0
6220,0
3968,1
2753,1
1609,1
3640,1
5248,1
4910,0
3317,1
2291,1
6328,0
1984,1
850,1
6406,1
5868,1
637,0
5900,1
1923,0
1909,0
389,1
302,1
2246,0
2632,0
586,1
831,0
3303,1
4673,1
5501,1
2417,0
2860,1
4353,1
1806,0
3517,1
1787,1
5545,0
3712,0
5446,1
6362,0
2076,0
3061,0
24,1
6366,1
3950,0
2808,1
3053,0
4171,0
3020,1
1321,1
4589,1
4904,0
494,1
3849,0
2913,0
28,1
1372,1
5365,1
1381,1
3923,0
1335,1
2247,1
5850,1
583,1
3463,1
2612,1
1214,1
3466,1
1511,1
3329,1
5134,1
4973,0
5930,0
1740,1
4407,1
6483,1
1165,0
1221,1
2195,0
5701,1
3867,0
3897,1
6274,0
4132,0
2801,0
5387,1
1443,1
1928,1
4956,0
802,0
6455,1
3793,1
5016,1
5589,0
6082,0
5083,0
2001,0
2263,0
5098,1
1711,0
1703,0
5362,1
3866,1
2667,1
4460,1
1417,0
3244,1
2513,0
2216,0
1638,0
5148,1
780,0
1080,1
1968,1
3293,1
4043,1
504,1
3807,0
1494,1
2403,1
5164,0
3743,1
2432,0
6260,1
4825,1
3375,1
5239,1
4292,1
283,0
2154,0
2396,0
1187,1
1882,0
1729,1
6122,1
6311,0
5235,0
4229,1
4091,1
2608,1
1759,0
5555,1
4459,0
4391,0
475,0
2146,1
2476,1
6156,1
506,0
1216,1
5980,1
1455,0
759,1
73,1
3861,1
1840,0
2299,1
4445,1
6209,1
2098,1
5412,1
3,1
6340,0
5149,1
5001,0
4592,1
3477,1
3495,1
74,1
2647,0
6233,1
5755,1
520,0
3591,0
4333,1
4560,1
3145,1
23,0
6168,1
3451,1
4139,1
1859,1
2353,1
4635,1
1972,0
2426,1
5296,1
643,0
3952,1
1800,1
6373,1
916,1
4925,0
4098,0
375,1
5249,1
1959,0
6478,1
206,0
5806,1
885,1
3335,1
3084,1
6479,0
3192,1
3161,0
4487,1
1563,1
444,1
3719,0
3043,1
510,1
2292,1
2781,1
890,1
2002,1
894,1
4661,0
709,0
3733,1
6396,1
6272,0
1710,0
1860,1
4913,0
5378,0
2890,1
3776,0
3339,1
6343,1
240,0
4784,0
5955,0
352,1
930,1
3230,1
4065,1
3571,0
1391,1
5669,0
2326,0
5194,0
1990,0
3381,1
6076,0
85,1
5212,0
695,0
2051,0
1885,1
2537,1
2016,1
6151,0
5263,1
2736,1
640,1
5679,0
2817,1
4500,1
4890,1
4360,0
2193,1
5632,0
5186,1
1518,1
722,1
6191,0
6457,0
5274,1
883,1
5522,0
5043,0
5074,0
4968,1
3925,0
2765,1
5599,1
3650,0
3453,1
2995,1
1531,1
1897,1
4628,1
4339,1
3917,0
401,0
1758,0
3767,0
782,1
3734,0
1430,0
2910,0
340,1
2421,0
5884,1
3779,1
5401,1
4144,1
6440,1
36,0
3374,0
842,1
1462,1
5823,1
298,1
2438,0
6437,0
4654,1
4808,0
3969,1
6008,1
5285,1
2185,1
2064,1
1680,0
5154,0
4128,0
3015,1
598,1
1128,0
5028,0
5335,1
2104,0
2436,0
1463,1
1708,0
2264,1
1582,1
4303,1
4336,1
2557,1
4809,1
1170,1
2880,0
4480,0
428,0
4996,0
3822,1
6079,0
1626,1
3382,1
4718,1
6158,0
3484,1
5479,0
2502,0
2519,0
3544,1
6254,0
3892,0
63,1
2279,0
808,1
5013,1
1142,0
5578,0
4410,0
1816,1
4130,1
5873,0
732,1
3587,1
5088,0
6005,1
5959,1
3753,0
2325,1
6207,0
3907,1
958,1
469,0
554,1
895,1
279,1
5438,0
3841,1
4887,1
561,0
2412,0
6397,1
1575,1
1282,0
425,1
6073,1
4037,0
6174,0
4522,1
3582,1
3553,1
5670,0
97,1
1548,1
1030,1
2383,1
2047,0
2590,1
131,1
2225,0
5264,1
5044,0
6325,0
457,0
6091,0
3158,1
2602,1
3121,0
3886,1
5178,1
4347,1
3098,1
3682,1
1673,0
2507,1
2251,1
1671,1
448,1
524,0
4056,0
34,0
2402,1
2096,0
4321,1
5353,1
2906,0
3921,0
3393,1
2843,1
187,0
2896,0
1306,1
6431,0
2070,1
4386,1
2198,0
4417,1
738,1
3918,1
306,0
3989,1
815,0
6123,0
4782,1
3691,1
5731,0
4617,1
4227,1
3169,1
5774,0
3332,1
2419,0
4867,1
944,1
4033,1
2491,0
5644,1
2581,1
5525,0
3147,1
1350,1
6184,1
3299,1
4791,1
937,0
1449,1
239,1
2802,1
1498,1
1245,0
2775,1
2943,1
1124,0
1281,1
5445,1
1912,1
1946,1
706,0
6283,0
2623,1
2819,1
4089,1
4729,0
5908,1
3118,1
4932,0
4662,1
4054,1
5425,1
2649,1
93,1
2470,0
118,0
4961,0
1259,1
3502,0
2962,0
198,0
6094,1
3865,1
2365,0
5283,1
2971,0
5622,0
16,1
6232,0
3321,1
4370,0
3287,1
3489,1
1784,1
4192,1
2771,1
4280,1
1581,1
2183,0
1779,1
3204,0
5004,0
1895,1
5395,0
5367,0
5381,0
1783,1
4894,0
3512,1
1336,1
2449,1
3025,1
4076,0
690,0
3336,1
4488,1
3060,0
4983,0
4636,0
5674,1
1272,0
5641,0
1818,1
4975,1
2237,0
2678,0
1686,0
1152,0
3226,1
6458,0
6347,1
3944,1
2313,1
866,1
3681,1
2034,0
3966,1
3104,0
6160,0
1451,0
2294,1
4671,0
1129,1
373,1
914,0
2598,0
4567,0
5210,1
1085,0
5790,1
4602,1
4762,1
4747,1
14,0
2690,1
1567,0
1402,1
3648,0
3565,1
5750,0
3110,1
3256,1
478,1
3384,1
5292,0
4527,1
5561,1
2514,1
4576,0
4751,1
627,1
2661,1
138,1
4123,1
304,1
3127,0
3432,0
5010,0
5999,1
3599,1
6003,0
4705,1
3181,1
902,0
3901,0
2970,0
2567,0
341,1
2033,0
4175,1
5658,0
2862,1
5037,0
4610,1
1618,1
1663,1
5614,0
6014,1
5571,0
560,1
4271,0
5009,0
5366,1
1795,1
3694,0
3080,1
4616,0
657,0
2536,1
2215,1
1174,1
3250,1
2824,1
2664,1
946,0
2904,1
3112,0
3857,1
4369,1
5137,1
6020,1
2645,1
1156,1
3073,0
6143,0
622,1
3142,1
6080,1
764,1
5654,1
6401,1
2240,0
2209,1
3052,1
3777,1
5373,0
1915,1
468,0
2591,1
3419,1
5775,1
3677,1
4477,0
1329,0
5116,0
777,0
5284,1
6255,1
5449,1
201,0
5334,1
4787,1
6001,1
4979,0
3403,0
3391,1
4412,1
5843,1
751,1
1992,0
1819,1
1788,0
3108,0
4444,1
5688,1
3349,1
5355,0
3491,1
2708,1
5217,1
2745,1
5121,1
5342,1
2644,1
2384,1
4447,1
630,0
876,1
1360,1
2504,1
3600,1
3029,1
5489,1
2790,1
5759,1
4381,1
3605,0
4744,0
455,1
2867,1
292,0
419,1
4564,1
2973,1
4004,1
2531,0
2164,0
5558,1
1699,1
1755,1
2646,1
6481,0
2575,1
4048,1
705,0
2547,0
5678,1
953,0
573,1
5962,1
5278,1
3455,1
2634,0
2681,1
4319,1
3313,1
4872,0
5236,1
18,1
2587,1
495,1
4697,1
3538,1
1254,0
5907,0
3355,1
783,1
1476,0
4257,0
1545,1
4757,1
1538,1
3763,0
474,1
2018,1
3985,1
4674,1
5346,1
5370,1
4512,1
2080,0
4199,1
6230,1
2834,1
436,0
1425,1
2552,0
4030,0
4462,1
1367,0
5512,1
4534,1
6114,1
4210,1
1021,1
3745,1
840,1
334,0
2020,1
4888,0
3982,1
332,1
2132,1
1534,1
3959,1
857,0
1002,1
4023,1
1467,1
5916,1
3531,0
3399,1
6476,1
3413,1
282,0
4168,1
5234,1
1157,1
1693,0
4138,1
2565,0
2887,0
2265,0
6462,0
3726,1
888,1
3940,0
1926,1
4055,1
2878,1
2611,0
452,1
6312,0
1246,1
2963,1
6146,1
1061,0
1135,1
273,0
1270,1
3090,1
4877,0
3357,1
6055,1
4125,0
5502,1
1537,1
3713,0
2545,1
2733,1
4261,1
353,1
6093,1
2035,0
5452,0
5064,0
6223,1
1561,0
3563,0
4652,0
1353,0
2028,1
714,1
1405,0
3284,1
571,1
1177,1
6115,1
973,1
4069,1
4481,0
3342,0
264,1
402,0
2792,0
3252,1
383,1
1413,1
6460,0
6332,1
1813,1
4533,0
4268,1
5865,0
3888,1
1442,0
847,0
1466,1
4967,1
2648,1
858,1
4228,1
3997,1
1728,0
605,1
6141,0
2362,1
5559,0
4986,0
3728,1
4335,1
3963,1
1406,1
3278,0
2452,1
4221,1
1921,0
1183,1
6105,0
5707,1
6494,1
41,1
2074,1
4573,1
1871,1
1116,0
3351,1
2920,0
1387,1
3507,1
116,1
6398,0
964,1
5692,1
4195,1
4169,1
6285,0
101,0
5885,0
1617,1
5271,0
6278,1
5890,1
5246,1
4086,1
1370,1
3480,1
3608,1
